order_id,order_date,source,product_name,product_category,quantity,unit_price,total_amount,customer_id,customer_country,source_specific_data
SOURCE_B_ORD_0001,2021-04-21T22:58:10,source_b,Magazines,Books,5,98.96,494.8,CUST_6707,France,"{""store_id"": ""STORE_32"", ""store_type"": ""Retail"", ""store_region"": ""West"", ""delivery_type"": ""Standard"", ""payment_type"": ""Digital Wallet"", ""membership_level"": ""Basic"", ""reward_points"": 1301, ""special_offer"": true}"
SOURCE_B_ORD_0002,2022-08-22T16:36:28,source_b,Fiction,Books,5,830.22,4151.1,CUST_8296,South Korea,"{""store_id"": ""STORE_38"", ""store_type"": ""Retail"", ""store_region"": ""West"", ""delivery_type"": ""Premium"", ""payment_type"": ""Card"", ""membership_level"": ""Silver"", ""reward_points"": 1781, ""special_offer"": true}"
SOURCE_B_ORD_0003,2022-09-25T12:31:35,source_b,Children's Books,Books,3,89.96,269.88,CUST_4215,Saudi Arabia,"{""store_id"": ""STORE_5"", ""store_type"": ""Wholesale"", ""store_region"": ""East"", ""delivery_type"": ""Standard"", ""payment_type"": ""Digital Wallet"", ""membership_level"": ""Basic"", ""reward_points"": 1206, ""special_offer"": false}"
SOURCE_B_ORD_0004,2016-12-18T12:05:29,source_b,Camera,Electronics,3,406.29,1218.87,CUST_1677,Germany,"{""store_id"": ""STORE_10"", ""store_type"": ""Wholesale"", ""store_region"": ""South"", ""delivery_type"": ""Premium"", ""payment_type"": ""Store Credit"", ""membership_level"": ""Platinum"", ""reward_points"": 1634, ""special_offer"": true}"
SOURCE_B_ORD_0005,2022-11-11T07:06:16,source_b,Skincare,Beauty & Personal Care,2,257.37,514.74,CUST_7910,France,"{""store_id"": ""STORE_44"", ""store_type"": ""Retail"", ""store_region"": ""West"", ""delivery_type"": ""Standard"", ""payment_type"": ""Digital Wallet"", ""membership_level"": ""Silver"", ""reward_points"": 217, ""special_offer"": true}"
SOURCE_B_ORD_0006,2019-08-25T15:08:44,source_b,Fitness Tracker,Health & Wellness,3,457.09,1371.27,CUST_6884,Sweden,"{""store_id"": ""STORE_43"", ""store_type"": ""Retail"", ""store_region"": ""North"", ""delivery_type"": ""Same Day"", ""payment_type"": ""Card"", ""membership_level"": ""Basic"", ""reward_points"": 178, ""special_offer"": false}"
SOURCE_B_ORD_0007,2024-07-10T05:48:54,source_b,Tools,Automotive,2,827.51,1655.02,CUST_3131,Greece,"{""store_id"": ""STORE_9"", ""store_type"": ""Retail"", ""store_region"": ""North"", ""delivery_type"": ""Premium"", ""payment_type"": ""Card"", ""membership_level"": ""Silver"", ""reward_points"": 383, ""special_offer"": false}"
SOURCE_B_ORD_0008,2022-07-22T10:27:55,source_b,Headphones,Electronics,5,700.61,3503.05,CUST_2702,Portugal,"{""store_id"": ""STORE_21"", ""store_type"": ""Wholesale"", ""store_region"": ""North"", ""delivery_type"": ""Same Day"", ""payment_type"": ""Card"", ""membership_level"": ""Platinum"", ""reward_points"": 450, ""special_offer"": true}"
SOURCE_B_ORD_0009,2024-05-04T14:51:38,source_b,Smartphone,Electronics,4,50.62,202.48,CUST_3597,Norway,"{""store_id"": ""STORE_23"", ""store_type"": ""Wholesale"", ""store_region"": ""West"", ""delivery_type"": ""Same Day"", ""payment_type"": ""Digital Wallet"", ""membership_level"": ""Silver"", ""reward_points"": 701, ""special_offer"": true}"
SOURCE_B_ORD_0010,2019-08-31T18:41:27,source_b,Makeup,Beauty & Personal Care,5,849.77,4248.85,CUST_7832,Singapore,"{""store_id"": ""STORE_36"", ""store_type"": ""Retail"", ""store_region"": ""East"", ""delivery_type"": ""Standard"", ""payment_type"": ""Digital Wallet"", ""membership_level"": ""Silver"", ""reward_points"": 49, ""special_offer"": true}"
SOURCE_B_ORD_0011,2024-09-02T03:39:34,source_b,Beverages,Food & Beverages,1,35.91,35.91,CUST_6825,South Africa,"{""store_id"": ""STORE_26"", ""store_type"": ""Outlet"", ""store_region"": ""East"", ""delivery_type"": ""Same Day"", ""payment_type"": ""Store Credit"", ""membership_level"": ""Gold"", ""reward_points"": 151, ""special_offer"": false}"
SOURCE_B_ORD_0012,2021-07-02T04:11:25,source_b,Bedding,Home & Garden,1,224.1,224.1,CUST_3247,Greece,"{""store_id"": ""STORE_45"", ""store_type"": ""Outlet"", ""store_region"": ""East"", ""delivery_type"": ""Same Day"", ""payment_type"": ""Card"", ""membership_level"": ""Silver"", ""reward_points"": 1760, ""special_offer"": true}"
SOURCE_B_ORD_0013,2020-10-15T01:38:00,source_b,Supplements,Food & Beverages,3,133.57,400.71,CUST_9226,Japan,"{""store_id"": ""STORE_46"", ""store_type"": ""Retail"", ""store_region"": ""East"", ""delivery_type"": ""Premium"", ""payment_type"": ""Store Credit"", ""membership_level"": ""Silver"", ""reward_points"": 1395, ""special_offer"": false}"
SOURCE_B_ORD_0014,2023-11-25T06:32:04,source_b,Electronics,Automotive,2,979.78,1959.56,CUST_7279,Ireland,"{""store_id"": ""STORE_36"", ""store_type"": ""Outlet"", ""store_region"": ""South"", ""delivery_type"": ""Premium"", ""payment_type"": ""Store Credit"", ""membership_level"": ""Platinum"", ""reward_points"": 1904, ""special_offer"": true}"
SOURCE_B_ORD_0015,2016-03-10T06:17:53,source_b,Beverages,Food & Beverages,5,301.99,1509.95,CUST_4705,Canada,"{""store_id"": ""STORE_24"", ""store_type"": ""Retail"", ""store_region"": ""South"", ""delivery_type"": ""Standard"", ""payment_type"": ""Card"", ""membership_level"": ""Silver"", ""reward_points"": 1197, ""special_offer"": true}"
SOURCE_B_ORD_0016,2016-12-13T09:31:14,source_b,Car Accessories,Automotive,2,740.14,1480.28,CUST_5195,Israel,"{""store_id"": ""STORE_9"", ""store_type"": ""Retail"", ""store_region"": ""South"", ""delivery_type"": ""Standard"", ""payment_type"": ""Store Credit"", ""membership_level"": ""Platinum"", ""reward_points"": 1239, ""special_offer"": true}"
SOURCE_B_ORD_0017,2018-04-02T00:46:18,source_b,Camera,Electronics,3,986.13,2958.39,CUST_7120,Switzerland,"{""store_id"": ""STORE_32"", ""store_type"": ""Outlet"", ""store_region"": ""West"", ""delivery_type"": ""Premium"", ""payment_type"": ""Digital Wallet"", ""membership_level"": ""Basic"", ""reward_points"": 670, ""special_offer"": true}"
SOURCE_B_ORD_0018,2021-04-26T11:22:02,source_b,Socks,Clothing,3,421.5,1264.5,CUST_7832,Belgium,"{""store_id"": ""STORE_16"", ""store_type"": ""Outlet"", ""store_region"": ""East"", ""delivery_type"": ""Premium"", ""payment_type"": ""Card"", ""membership_level"": ""Gold"", ""reward_points"": 1009, ""special_offer"": true}"
SOURCE_B_ORD_0019,2024-02-29T01:22:03,source_b,Board Games,Toys & Games,4,32.64,130.56,CUST_9880,Ireland,"{""store_id"": ""STORE_47"", ""store_type"": ""Outlet"", ""store_region"": ""East"", ""delivery_type"": ""Standard"", ""payment_type"": ""Digital Wallet"", ""membership_level"": ""Platinum"", ""reward_points"": 878, ""special_offer"": true}"
SOURCE_B_ORD_0020,2015-04-09T04:25:03,source_b,Vacuum Cleaner,Home & Garden,4,751.92,3007.68,CUST_8607,Poland,"{""store_id"": ""STORE_20"", ""store_type"": ""Wholesale"", ""store_region"": ""East"", ""delivery_type"": ""Standard"", ""payment_type"": ""Digital Wallet"", ""membership_level"": ""Platinum"", ""reward_points"": 1718, ""special_offer"": true}"
SOURCE_B_ORD_0021,2019-01-30T12:12:28,source_b,Gaming Console,Electronics,4,860.64,3442.56,CUST_4384,Switzerland,"{""store_id"": ""STORE_11"", ""store_type"": ""Wholesale"", ""store_region"": ""North"", ""delivery_type"": ""Standard"", ""payment_type"": ""Digital Wallet"", ""membership_level"": ""Silver"", ""reward_points"": 858, ""special_offer"": false}"
SOURCE_B_ORD_0022,2015-02-28T16:20:58,source_b,Fiction,Books,3,502.24,1506.72,CUST_3723,Italy,"{""store_id"": ""STORE_35"", ""store_type"": ""Outlet"", ""store_region"": ""North"", ""delivery_type"": ""Standard"", ""payment_type"": ""Store Credit"", ""membership_level"": ""Gold"", ""reward_points"": 193, ""special_offer"": false}"
SOURCE_B_ORD_0023,2019-12-02T16:31:23,source_b,Yoga Mat,Sports & Outdoors,4,621.85,2487.4,CUST_1044,United States,"{""store_id"": ""STORE_44"", ""store_type"": ""Outlet"", ""store_region"": ""South"", ""delivery_type"": ""Standard"", ""payment_type"": ""Store Credit"", ""membership_level"": ""Silver"", ""reward_points"": 1540, ""special_offer"": false}"
SOURCE_B_ORD_0024,2023-10-30T16:33:50,source_b,Remote Control Cars,Toys & Games,4,524.04,2096.16,CUST_5001,Japan,"{""store_id"": ""STORE_7"", ""store_type"": ""Wholesale"", ""store_region"": ""South"", ""delivery_type"": ""Premium"", ""payment_type"": ""Store Credit"", ""membership_level"": ""Gold"", ""reward_points"": 1435, ""special_offer"": true}"
SOURCE_B_ORD_0025,2022-06-05T16:33:15,source_b,Nail Care,Beauty & Personal Care,1,267.56,267.56,CUST_8708,South Korea,"{""store_id"": ""STORE_25"", ""store_type"": ""Outlet"", ""store_region"": ""West"", ""delivery_type"": ""Premium"", ""payment_type"": ""Digital Wallet"", ""membership_level"": ""Silver"", ""reward_points"": 529, ""special_offer"": true}"
SOURCE_B_ORD_0026,2016-03-27T21:41:54,source_b,Coffee Maker,Home & Garden,3,502.92,1508.76,CUST_3001,Netherlands,"{""store_id"": ""STORE_32"", ""store_type"": ""Outlet"", ""store_region"": ""North"", ""delivery_type"": ""Same Day"", ""payment_type"": ""Digital Wallet"", ""membership_level"": ""Basic"", ""reward_points"": 387, ""special_offer"": true}"
SOURCE_B_ORD_0027,2019-11-19T01:14:37,source_b,Men's Grooming,Beauty & Personal Care,4,105.27,421.08,CUST_4541,Mexico,"{""store_id"": ""STORE_3"", ""store_type"": ""Outlet"", ""store_region"": ""West"", ""delivery_type"": ""Premium"", ""payment_type"": ""Store Credit"", ""membership_level"": ""Platinum"", ""reward_points"": 288, ""special_offer"": true}"
SOURCE_B_ORD_0028,2015-05-19T04:04:07,source_b,Supplements,Food & Beverages,4,411.98,1647.92,CUST_8834,UAE,"{""store_id"": ""STORE_20"", ""store_type"": ""Retail"", ""store_region"": ""North"", ""delivery_type"": ""Same Day"", ""payment_type"": ""Digital Wallet"", ""membership_level"": ""Basic"", ""reward_points"": 222, ""special_offer"": true}"
SOURCE_B_ORD_0029,2016-06-09T02:26:29,source_b,Stress Relief,Health & Wellness,2,179.33,358.66,CUST_7028,Japan,"{""store_id"": ""STORE_26"", ""store_type"": ""Retail"", ""store_region"": ""West"", ""delivery_type"": ""Standard"", ""payment_type"": ""Store Credit"", ""membership_level"": ""Platinum"", ""reward_points"": 764, ""special_offer"": false}"
SOURCE_B_ORD_0030,2025-01-21T03:38:51,source_b,TV,Electronics,2,879.33,1758.66,CUST_3599,China,"{""store_id"": ""STORE_35"", ""store_type"": ""Wholesale"", ""store_region"": ""East"", ""delivery_type"": ""Same Day"", ""payment_type"": ""Card"", ""membership_level"": ""Gold"", ""reward_points"": 1794, ""special_offer"": false}"
SOURCE_B_ORD_0031,2018-04-04T06:40:02,source_b,Sleep Aids,Health & Wellness,3,242.24,726.72,CUST_4515,Canada,"{""store_id"": ""STORE_31"", ""store_type"": ""Wholesale"", ""store_region"": ""West"", ""delivery_type"": ""Premium"", ""payment_type"": ""Card"", ""membership_level"": ""Platinum"", ""reward_points"": 456, ""special_offer"": true}"
SOURCE_B_ORD_0032,2015-12-25T03:03:48,source_b,TV,Electronics,1,38.62,38.62,CUST_4007,Germany,"{""store_id"": ""STORE_25"", ""store_type"": ""Wholesale"", ""store_region"": ""East"", ""delivery_type"": ""Standard"", ""payment_type"": ""Digital Wallet"", ""membership_level"": ""Basic"", ""reward_points"": 276, ""special_offer"": true}"
SOURCE_B_ORD_0033,2017-03-30T23:49:41,source_b,Electronics,Automotive,3,356.06,1068.18,CUST_3530,Switzerland,"{""store_id"": ""STORE_5"", ""store_type"": ""Wholesale"", ""store_region"": ""West"", ""delivery_type"": ""Standard"", ""payment_type"": ""Store Credit"", ""membership_level"": ""Basic"", ""reward_points"": 1041, ""special_offer"": true}"
SOURCE_B_ORD_0034,2021-10-23T12:33:00,source_b,Medical Devices,Health & Wellness,2,220.69,441.38,CUST_6634,Mexico,"{""store_id"": ""STORE_47"", ""store_type"": ""Wholesale"", ""store_region"": ""East"", ""delivery_type"": ""Standard"", ""payment_type"": ""Store Credit"", ""membership_level"": ""Basic"", ""reward_points"": 1643, ""special_offer"": false}"
SOURCE_B_ORD_0035,2021-11-08T13:03:56,source_b,Therapy Equipment,Health & Wellness,4,396.07,1584.28,CUST_2523,New Zealand,"{""store_id"": ""STORE_18"", ""store_type"": ""Retail"", ""store_region"": ""East"", ""delivery_type"": ""Standard"", ""payment_type"": ""Store Credit"", ""membership_level"": ""Platinum"", ""reward_points"": 1648, ""special_offer"": true}"
SOURCE_B_ORD_0036,2018-02-04T14:55:10,source_b,Body Care,Beauty & Personal Care,2,984.06,1968.12,CUST_1993,Poland,"{""store_id"": ""STORE_28"", ""store_type"": ""Wholesale"", ""store_region"": ""West"", ""delivery_type"": ""Standard"", ""payment_type"": ""Card"", ""membership_level"": ""Basic"", ""reward_points"": 1566, ""special_offer"": true}"
SOURCE_B_ORD_0037,2015-09-09T19:00:58,source_b,Sports Equipment,Sports & Outdoors,1,519.93,519.93,CUST_3090,United Kingdom,"{""store_id"": ""STORE_14"", ""store_type"": ""Retail"", ""store_region"": ""South"", ""delivery_type"": ""Premium"", ""payment_type"": ""Card"", ""membership_level"": ""Platinum"", ""reward_points"": 1290, ""special_offer"": false}"
SOURCE_B_ORD_0038,2015-09-08T22:08:22,source_b,Cleaning Supplies,Home & Garden,5,289.23,1446.15,CUST_5013,France,"{""store_id"": ""STORE_40"", ""store_type"": ""Retail"", ""store_region"": ""East"", ""delivery_type"": ""Standard"", ""payment_type"": ""Store Credit"", ""membership_level"": ""Silver"", ""reward_points"": 1772, ""special_offer"": true}"
SOURCE_B_ORD_0039,2018-01-14T22:57:45,source_b,Dress,Clothing,5,168.05,840.25,CUST_9756,Netherlands,"{""store_id"": ""STORE_38"", ""store_type"": ""Outlet"", ""store_region"": ""North"", ""delivery_type"": ""Standard"", ""payment_type"": ""Store Credit"", ""membership_level"": ""Silver"", ""reward_points"": 1027, ""special_offer"": false}"
SOURCE_B_ORD_0040,2017-11-24T23:55:15,source_b,Sleep Aids,Health & Wellness,4,895.03,3580.12,CUST_1277,Hungary,"{""store_id"": ""STORE_8"", ""store_type"": ""Outlet"", ""store_region"": ""North"", ""delivery_type"": ""Same Day"", ""payment_type"": ""Digital Wallet"", ""membership_level"": ""Gold"", ""reward_points"": 1455, ""special_offer"": false}"
SOURCE_B_ORD_0041,2023-11-21T23:41:21,source_b,Running Shoes,Sports & Outdoors,2,731.07,1462.14,CUST_3807,Greece,"{""store_id"": ""STORE_34"", ""store_type"": ""Outlet"", ""store_region"": ""North"", ""delivery_type"": ""Same Day"", ""payment_type"": ""Store Credit"", ""membership_level"": ""Basic"", ""reward_points"": 1918, ""special_offer"": true}"
SOURCE_B_ORD_0042,2018-10-20T01:46:43,source_b,Nail Care,Beauty & Personal Care,3,514.54,1543.62,CUST_3067,Mexico,"{""store_id"": ""STORE_43"", ""store_type"": ""Wholesale"", ""store_region"": ""North"", ""delivery_type"": ""Premium"", ""payment_type"": ""Card"", ""membership_level"": ""Gold"", ""reward_points"": 1045, ""special_offer"": false}"
SOURCE_B_ORD_0043,2019-09-04T17:22:43,source_b,Body Care,Beauty & Personal Care,2,902.82,1805.64,CUST_9821,Israel,"{""store_id"": ""STORE_27"", ""store_type"": ""Outlet"", ""store_region"": ""West"", ""delivery_type"": ""Same Day"", ""payment_type"": ""Digital Wallet"", ""membership_level"": ""Silver"", ""reward_points"": 673, ""special_offer"": true}"
SOURCE_B_ORD_0044,2024-03-07T18:26:46,source_b,Yoga Mat,Sports & Outdoors,4,971.88,3887.52,CUST_5621,Portugal,"{""store_id"": ""STORE_38"", ""store_type"": ""Outlet"", ""store_region"": ""West"", ""delivery_type"": ""Standard"", ""payment_type"": ""Store Credit"", ""membership_level"": ""Basic"", ""reward_points"": 418, ""special_offer"": true}"
SOURCE_B_ORD_0045,2021-11-13T04:51:16,source_b,Maintenance,Automotive,1,955.14,955.14,CUST_7770,Greece,"{""store_id"": ""STORE_18"", ""store_type"": ""Wholesale"", ""store_region"": ""North"", ""delivery_type"": ""Standard"", ""payment_type"": ""Digital Wallet"", ""membership_level"": ""Basic"", ""reward_points"": 1842, ""special_offer"": false}"
SOURCE_B_ORD_0046,2018-06-01T02:36:57,source_b,TV,Electronics,2,170.0,340.0,CUST_3636,Canada,"{""store_id"": ""STORE_7"", ""store_type"": ""Wholesale"", ""store_region"": ""South"", ""delivery_type"": ""Premium"", ""payment_type"": ""Card"", ""membership_level"": ""Basic"", ""reward_points"": 1906, ""special_offer"": true}"
SOURCE_B_ORD_0047,2019-08-20T13:28:23,source_b,Cookbooks,Books,1,715.34,715.34,CUST_5138,South Africa,"{""store_id"": ""STORE_40"", ""store_type"": ""Outlet"", ""store_region"": ""East"", ""delivery_type"": ""Premium"", ""payment_type"": ""Digital Wallet"", ""membership_level"": ""Platinum"", ""reward_points"": 1324, ""special_offer"": false}"
SOURCE_B_ORD_0048,2023-07-31T11:07:34,source_b,Educational Toys,Toys & Games,1,758.4,758.4,CUST_1616,Czech Republic,"{""store_id"": ""STORE_5"", ""store_type"": ""Outlet"", ""store_region"": ""East"", ""delivery_type"": ""Premium"", ""payment_type"": ""Digital Wallet"", ""membership_level"": ""Platinum"", ""reward_points"": 352, ""special_offer"": false}"
SOURCE_B_ORD_0049,2016-07-24T17:59:22,source_b,Cooking Ingredients,Food & Beverages,1,535.38,535.38,CUST_4792,Mexico,"{""store_id"": ""STORE_18"", ""store_type"": ""Outlet"", ""store_region"": ""East"", ""delivery_type"": ""Same Day"", ""payment_type"": ""Card"", ""membership_level"": ""Silver"", ""reward_points"": 692, ""special_offer"": true}"
SOURCE_B_ORD_0050,2017-07-26T19:38:24,source_b,Sleep Aids,Health & Wellness,2,718.0,1436.0,CUST_2337,Spain,"{""store_id"": ""STORE_38"", ""store_type"": ""Outlet"", ""store_region"": ""East"", ""delivery_type"": ""Standard"", ""payment_type"": ""Card"", ""membership_level"": ""Platinum"", ""reward_points"": 553, ""special_offer"": true}"
SOURCE_B_ORD_0051,2018-04-08T00:23:10,source_b,Perfume,Beauty & Personal Care,5,691.37,3456.85,CUST_2188,Austria,"{""store_id"": ""STORE_47"", ""store_type"": ""Wholesale"", ""store_region"": ""North"", ""delivery_type"": ""Premium"", ""payment_type"": ""Store Credit"", ""membership_level"": ""Platinum"", ""reward_points"": 1595, ""special_offer"": false}"
SOURCE_B_ORD_0052,2016-01-14T10:17:12,source_b,Medical Devices,Health & Wellness,1,880.01,880.01,CUST_9218,South Africa,"{""store_id"": ""STORE_24"", ""store_type"": ""Retail"", ""store_region"": ""East"", ""delivery_type"": ""Same Day"", ""payment_type"": ""Digital Wallet"", ""membership_level"": ""Platinum"", ""reward_points"": 876, ""special_offer"": true}"
SOURCE_B_ORD_0053,2018-04-14T13:53:43,source_b,Furniture,Home & Garden,4,351.39,1405.56,CUST_6614,Ireland,"{""store_id"": ""STORE_15"", ""store_type"": ""Wholesale"", ""store_region"": ""East"", ""delivery_type"": ""Premium"", ""payment_type"": ""Store Credit"", ""membership_level"": ""Platinum"", ""reward_points"": 1837, ""special_offer"": true}"
SOURCE_B_ORD_0054,2021-10-05T18:38:53,source_b,Smart Watch,Electronics,3,889.1,2667.3,CUST_5065,Austria,"{""store_id"": ""STORE_24"", ""store_type"": ""Wholesale"", ""store_region"": ""West"", ""delivery_type"": ""Standard"", ""payment_type"": ""Store Credit"", ""membership_level"": ""Platinum"", ""reward_points"": 1287, ""special_offer"": true}"
SOURCE_B_ORD_0055,2015-09-30T02:07:24,source_b,Exterior Accessories,Automotive,2,849.36,1698.72,CUST_1665,South Korea,"{""store_id"": ""STORE_31"", ""store_type"": ""Retail"", ""store_region"": ""West"", ""delivery_type"": ""Standard"", ""payment_type"": ""Card"", ""membership_level"": ""Silver"", ""reward_points"": 609, ""special_offer"": false}"
SOURCE_B_ORD_0056,2019-08-16T13:00:04,source_b,Skincare,Beauty & Personal Care,5,622.76,3113.8,CUST_1096,Turkey,"{""store_id"": ""STORE_37"", ""store_type"": ""Wholesale"", ""store_region"": ""East"", ""delivery_type"": ""Same Day"", ""payment_type"": ""Digital Wallet"", ""membership_level"": ""Basic"", ""reward_points"": 691, ""special_offer"": true}"
SOURCE_B_ORD_0057,2021-10-24T10:27:22,source_b,Men's Grooming,Beauty & Personal Care,2,38.44,76.88,CUST_5318,Switzerland,"{""store_id"": ""STORE_28"", ""store_type"": ""Wholesale"", ""store_region"": ""West"", ""delivery_type"": ""Standard"", ""payment_type"": ""Store Credit"", ""membership_level"": ""Silver"", ""reward_points"": 692, ""special_offer"": false}"
SOURCE_B_ORD_0058,2023-01-19T04:37:36,source_b,Board Games,Toys & Games,2,693.17,1386.34,CUST_2672,Hungary,"{""store_id"": ""STORE_22"", ""store_type"": ""Outlet"", ""store_region"": ""South"", ""delivery_type"": ""Premium"", ""payment_type"": ""Store Credit"", ""membership_level"": ""Basic"", ""reward_points"": 642, ""special_offer"": false}"
SOURCE_B_ORD_0059,2020-01-24T09:00:14,source_b,Gaming Console,Electronics,5,644.0,3220.0,CUST_6434,Sweden,"{""store_id"": ""STORE_22"", ""store_type"": ""Retail"", ""store_region"": ""East"", ""delivery_type"": ""Same Day"", ""payment_type"": ""Store Credit"", ""membership_level"": ""Silver"", ""reward_points"": 852, ""special_offer"": false}"
SOURCE_B_ORD_0060,2021-01-16T03:16:13,source_b,Safety Equipment,Automotive,1,718.11,718.11,CUST_4633,Sweden,"{""store_id"": ""STORE_4"", ""store_type"": ""Wholesale"", ""store_region"": ""North"", ""delivery_type"": ""Standard"", ""payment_type"": ""Digital Wallet"", ""membership_level"": ""Gold"", ""reward_points"": 1966, ""special_offer"": false}"
SOURCE_B_ORD_0061,2022-09-03T11:44:54,source_b,Medical Devices,Health & Wellness,4,806.86,3227.44,CUST_5269,Australia,"{""store_id"": ""STORE_38"", ""store_type"": ""Wholesale"", ""store_region"": ""South"", ""delivery_type"": ""Premium"", ""payment_type"": ""Store Credit"", ""membership_level"": ""Platinum"", ""reward_points"": 1444, ""special_offer"": true}"
SOURCE_B_ORD_0062,2022-11-19T22:55:37,source_b,Textbooks,Books,4,773.51,3094.04,CUST_2800,France,"{""store_id"": ""STORE_32"", ""store_type"": ""Retail"", ""store_region"": ""East"", ""delivery_type"": ""Standard"", ""payment_type"": ""Store Credit"", ""membership_level"": ""Basic"", ""reward_points"": 842, ""special_offer"": true}"
SOURCE_B_ORD_0063,2015-09-29T11:04:52,source_b,Shoes,Clothing,2,605.0,1210.0,CUST_3425,United Kingdom,"{""store_id"": ""STORE_17"", ""store_type"": ""Wholesale"", ""store_region"": ""South"", ""delivery_type"": ""Premium"", ""payment_type"": ""Card"", ""membership_level"": ""Silver"", ""reward_points"": 997, ""special_offer"": false}"
SOURCE_B_ORD_0064,2024-09-26T04:56:54,source_b,Gym Equipment,Sports & Outdoors,3,407.1,1221.3,CUST_1163,Austria,"{""store_id"": ""STORE_2"", ""store_type"": ""Retail"", ""store_region"": ""West"", ""delivery_type"": ""Standard"", ""payment_type"": ""Card"", ""membership_level"": ""Gold"", ""reward_points"": 1128, ""special_offer"": false}"
SOURCE_B_ORD_0065,2021-08-26T19:58:49,source_b,Remote Control Cars,Toys & Games,3,29.78,89.34,CUST_8845,Mexico,"{""store_id"": ""STORE_38"", ""store_type"": ""Outlet"", ""store_region"": ""South"", ""delivery_type"": ""Premium"", ""payment_type"": ""Digital Wallet"", ""membership_level"": ""Gold"", ""reward_points"": 499, ""special_offer"": false}"
SOURCE_B_ORD_0066,2019-07-02T00:37:58,source_b,Sleep Aids,Health & Wellness,3,123.97,371.91,CUST_5313,Singapore,"{""store_id"": ""STORE_28"", ""store_type"": ""Wholesale"", ""store_region"": ""East"", ""delivery_type"": ""Same Day"", ""payment_type"": ""Store Credit"", ""membership_level"": ""Platinum"", ""reward_points"": 683, ""special_offer"": false}"
SOURCE_B_ORD_0067,2022-04-17T22:35:17,source_b,Shoes,Clothing,2,795.57,1591.14,CUST_1424,Norway,"{""store_id"": ""STORE_32"", ""store_type"": ""Outlet"", ""store_region"": ""South"", ""delivery_type"": ""Same Day"", ""payment_type"": ""Digital Wallet"", ""membership_level"": ""Silver"", ""reward_points"": 1618, ""special_offer"": false}"
SOURCE_B_ORD_0068,2021-03-16T00:15:45,source_b,Socks,Clothing,3,357.24,1071.72,CUST_8511,Spain,"{""store_id"": ""STORE_47"", ""store_type"": ""Wholesale"", ""store_region"": ""South"", ""delivery_type"": ""Standard"", ""payment_type"": ""Store Credit"", ""membership_level"": ""Basic"", ""reward_points"": 1205, ""special_offer"": true}"
SOURCE_B_ORD_0069,2022-08-14T09:34:36,source_b,Vitamins,Health & Wellness,3,34.96,104.88,CUST_2715,Norway,"{""store_id"": ""STORE_12"", ""store_type"": ""Wholesale"", ""store_region"": ""North"", ""delivery_type"": ""Premium"", ""payment_type"": ""Card"", ""membership_level"": ""Silver"", ""reward_points"": 718, ""special_offer"": true}"
SOURCE_B_ORD_0070,2020-01-25T07:51:37,source_b,Socks,Clothing,4,30.21,120.84,CUST_8425,South Korea,"{""store_id"": ""STORE_7"", ""store_type"": ""Outlet"", ""store_region"": ""West"", ""delivery_type"": ""Standard"", ""payment_type"": ""Digital Wallet"", ""membership_level"": ""Basic"", ""reward_points"": 604, ""special_offer"": true}"
SOURCE_B_ORD_0071,2015-03-31T06:29:08,source_b,Science Kits,Toys & Games,2,378.84,757.68,CUST_5290,Germany,"{""store_id"": ""STORE_5"", ""store_type"": ""Outlet"", ""store_region"": ""North"", ""delivery_type"": ""Standard"", ""payment_type"": ""Card"", ""membership_level"": ""Silver"", ""reward_points"": 1268, ""special_offer"": true}"
SOURCE_B_ORD_0072,2022-03-25T23:06:35,source_b,Interior Accessories,Automotive,2,93.95,187.9,CUST_7275,Portugal,"{""store_id"": ""STORE_7"", ""store_type"": ""Outlet"", ""store_region"": ""South"", ""delivery_type"": ""Premium"", ""payment_type"": ""Store Credit"", ""membership_level"": ""Basic"", ""reward_points"": 865, ""special_offer"": false}"
SOURCE_B_ORD_0073,2022-03-27T23:29:31,source_b,Garden Tools,Home & Garden,3,779.25,2337.75,CUST_2853,Italy,"{""store_id"": ""STORE_43"", ""store_type"": ""Retail"", ""store_region"": ""East"", ""delivery_type"": ""Same Day"", ""payment_type"": ""Card"", ""membership_level"": ""Platinum"", ""reward_points"": 1090, ""special_offer"": false}"
SOURCE_B_ORD_0074,2022-12-02T07:59:32,source_b,Tea,Food & Beverages,3,955.43,2866.29,CUST_6496,Canada,"{""store_id"": ""STORE_13"", ""store_type"": ""Wholesale"", ""store_region"": ""West"", ""delivery_type"": ""Same Day"", ""payment_type"": ""Card"", ""membership_level"": ""Gold"", ""reward_points"": 1410, ""special_offer"": true}"
SOURCE_B_ORD_0075,2015-10-23T06:20:15,source_b,Camping Gear,Sports & Outdoors,5,929.12,4645.6,CUST_8332,Sweden,"{""store_id"": ""STORE_4"", ""store_type"": ""Wholesale"", ""store_region"": ""West"", ""delivery_type"": ""Same Day"", ""payment_type"": ""Digital Wallet"", ""membership_level"": ""Gold"", ""reward_points"": 206, ""special_offer"": true}"
SOURCE_B_ORD_0076,2018-11-15T21:27:32,source_b,Jeans,Clothing,1,817.21,817.21,CUST_4622,United States,"{""store_id"": ""STORE_9"", ""store_type"": ""Outlet"", ""store_region"": ""West"", ""delivery_type"": ""Standard"", ""payment_type"": ""Digital Wallet"", ""membership_level"": ""Gold"", ""reward_points"": 115, ""special_offer"": false}"
SOURCE_B_ORD_0077,2018-03-18T07:01:18,source_b,Cleaning Supplies,Automotive,5,892.83,4464.15,CUST_5391,Sweden,"{""store_id"": ""STORE_38"", ""store_type"": ""Wholesale"", ""store_region"": ""West"", ""delivery_type"": ""Standard"", ""payment_type"": ""Store Credit"", ""membership_level"": ""Silver"", ""reward_points"": 1435, ""special_offer"": true}"
SOURCE_B_ORD_0078,2023-03-15T16:37:50,source_b,Baking Supplies,Food & Beverages,1,260.04,260.04,CUST_6439,Czech Republic,"{""store_id"": ""STORE_49"", ""store_type"": ""Retail"", ""store_region"": ""West"", ""delivery_type"": ""Standard"", ""payment_type"": ""Digital Wallet"", ""membership_level"": ""Platinum"", ""reward_points"": 1372, ""special_offer"": true}"
SOURCE_B_ORD_0079,2017-08-20T15:48:41,source_b,Non-Fiction,Books,5,706.23,3531.15,CUST_8645,Hungary,"{""store_id"": ""STORE_8"", ""store_type"": ""Wholesale"", ""store_region"": ""East"", ""delivery_type"": ""Premium"", ""payment_type"": ""Card"", ""membership_level"": ""Platinum"", ""reward_points"": 1854, ""special_offer"": true}"
SOURCE_B_ORD_0080,2019-08-12T12:05:10,source_b,Travel Guides,Books,5,811.6,4058.0,CUST_5737,New Zealand,"{""store_id"": ""STORE_30"", ""store_type"": ""Retail"", ""store_region"": ""West"", ""delivery_type"": ""Premium"", ""payment_type"": ""Store Credit"", ""membership_level"": ""Silver"", ""reward_points"": 434, ""special_offer"": false}"
SOURCE_B_ORD_0081,2016-09-28T08:32:03,source_b,Sleep Aids,Health & Wellness,2,249.19,498.38,CUST_9988,France,"{""store_id"": ""STORE_40"", ""store_type"": ""Retail"", ""store_region"": ""North"", ""delivery_type"": ""Premium"", ""payment_type"": ""Store Credit"", ""membership_level"": ""Basic"", ""reward_points"": 1628, ""special_offer"": true}"
SOURCE_B_ORD_0082,2020-09-30T12:02:26,source_b,Gift Sets,Beauty & Personal Care,5,375.49,1877.45,CUST_2327,Finland,"{""store_id"": ""STORE_7"", ""store_type"": ""Retail"", ""store_region"": ""North"", ""delivery_type"": ""Same Day"", ""payment_type"": ""Digital Wallet"", ""membership_level"": ""Basic"", ""reward_points"": 110, ""special_offer"": false}"
SOURCE_B_ORD_0083,2020-02-22T05:54:18,source_b,Coffee,Food & Beverages,5,331.81,1659.05,CUST_1346,United States,"{""store_id"": ""STORE_36"", ""store_type"": ""Retail"", ""store_region"": ""North"", ""delivery_type"": ""Standard"", ""payment_type"": ""Digital Wallet"", ""membership_level"": ""Gold"", ""reward_points"": 1140, ""special_offer"": false}"
SOURCE_B_ORD_0084,2023-08-19T22:46:25,source_b,Non-Fiction,Books,5,395.95,1979.75,CUST_9290,France,"{""store_id"": ""STORE_13"", ""store_type"": ""Outlet"", ""store_region"": ""East"", ""delivery_type"": ""Same Day"", ""payment_type"": ""Store Credit"", ""membership_level"": ""Platinum"", ""reward_points"": 1256, ""special_offer"": true}"
SOURCE_B_ORD_0085,2024-07-30T22:07:05,source_b,Smart Watch,Electronics,4,135.93,543.72,CUST_1926,Israel,"{""store_id"": ""STORE_6"", ""store_type"": ""Wholesale"", ""store_region"": ""North"", ""delivery_type"": ""Premium"", ""payment_type"": ""Digital Wallet"", ""membership_level"": ""Silver"", ""reward_points"": 1926, ""special_offer"": true}"
SOURCE_B_ORD_0086,2017-09-05T18:35:52,source_b,Outdoor Toys,Toys & Games,5,825.96,4129.8,CUST_4834,Japan,"{""store_id"": ""STORE_39"", ""store_type"": ""Outlet"", ""store_region"": ""East"", ""delivery_type"": ""Same Day"", ""payment_type"": ""Digital Wallet"", ""membership_level"": ""Basic"", ""reward_points"": 1298, ""special_offer"": false}"
SOURCE_B_ORD_0087,2019-10-25T05:37:55,source_b,Laptop,Electronics,1,785.02,785.02,CUST_9968,Brazil,"{""store_id"": ""STORE_11"", ""store_type"": ""Retail"", ""store_region"": ""South"", ""delivery_type"": ""Premium"", ""payment_type"": ""Store Credit"", ""membership_level"": ""Gold"", ""reward_points"": 518, ""special_offer"": true}"
SOURCE_B_ORD_0088,2017-02-27T16:07:37,source_b,Organic Food,Food & Beverages,3,177.66,532.98,CUST_2602,Germany,"{""store_id"": ""STORE_38"", ""store_type"": ""Outlet"", ""store_region"": ""South"", ""delivery_type"": ""Premium"", ""payment_type"": ""Digital Wallet"", ""membership_level"": ""Basic"", ""reward_points"": 849, ""special_offer"": false}"
SOURCE_B_ORD_0089,2019-04-06T14:17:30,source_b,Fitness Tracker,Health & Wellness,4,507.55,2030.2,CUST_5684,Ireland,"{""store_id"": ""STORE_9"", ""store_type"": ""Outlet"", ""store_region"": ""East"", ""delivery_type"": ""Same Day"", ""payment_type"": ""Digital Wallet"", ""membership_level"": ""Gold"", ""reward_points"": 332, ""special_offer"": true}"
SOURCE_B_ORD_0090,2015-08-02T21:12:36,source_b,Jacket,Clothing,1,570.13,570.13,CUST_5726,Italy,"{""store_id"": ""STORE_13"", ""store_type"": ""Wholesale"", ""store_region"": ""East"", ""delivery_type"": ""Premium"", ""payment_type"": ""Card"", ""membership_level"": ""Platinum"", ""reward_points"": 1090, ""special_offer"": false}"
SOURCE_B_ORD_0091,2020-09-18T11:40:21,source_b,Art Books,Books,3,876.85,2630.55,CUST_8841,China,"{""store_id"": ""STORE_49"", ""store_type"": ""Wholesale"", ""store_region"": ""North"", ""delivery_type"": ""Premium"", ""payment_type"": ""Card"", ""membership_level"": ""Gold"", ""reward_points"": 318, ""special_offer"": true}"
SOURCE_B_ORD_0092,2021-08-15T11:31:59,source_b,Health Monitors,Health & Wellness,2,316.09,632.18,CUST_1505,India,"{""store_id"": ""STORE_39"", ""store_type"": ""Outlet"", ""store_region"": ""East"", ""delivery_type"": ""Standard"", ""payment_type"": ""Card"", ""membership_level"": ""Gold"", ""reward_points"": 366, ""special_offer"": false}"
SOURCE_B_ORD_0093,2023-03-07T14:57:24,source_b,Accessories,Clothing,1,59.79,59.79,CUST_3090,Italy,"{""store_id"": ""STORE_50"", ""store_type"": ""Retail"", ""store_region"": ""West"", ""delivery_type"": ""Premium"", ""payment_type"": ""Store Credit"", ""membership_level"": ""Gold"", ""reward_points"": 1471, ""special_offer"": false}"
SOURCE_B_ORD_0094,2015-07-19T23:11:22,source_b,T-Shirt,Clothing,4,245.87,983.48,CUST_1067,Japan,"{""store_id"": ""STORE_1"", ""store_type"": ""Outlet"", ""store_region"": ""East"", ""delivery_type"": ""Standard"", ""payment_type"": ""Store Credit"", ""membership_level"": ""Silver"", ""reward_points"": 1564, ""special_offer"": false}"
SOURCE_B_ORD_0095,2022-12-28T11:58:37,source_b,Shampoo,Beauty & Personal Care,3,968.83,2906.49,CUST_8401,United States,"{""store_id"": ""STORE_40"", ""store_type"": ""Wholesale"", ""store_region"": ""North"", ""delivery_type"": ""Premium"", ""payment_type"": ""Digital Wallet"", ""membership_level"": ""Platinum"", ""reward_points"": 1257, ""special_offer"": true}"
SOURCE_B_ORD_0096,2022-05-02T00:56:03,source_b,Running Shoes,Sports & Outdoors,1,170.49,170.49,CUST_8540,Switzerland,"{""store_id"": ""STORE_14"", ""store_type"": ""Retail"", ""store_region"": ""West"", ""delivery_type"": ""Standard"", ""payment_type"": ""Card"", ""membership_level"": ""Platinum"", ""reward_points"": 1996, ""special_offer"": true}"
SOURCE_B_ORD_0097,2021-07-16T21:20:14,source_b,Sports Equipment,Sports & Outdoors,5,486.35,2431.75,CUST_8832,South Korea,"{""store_id"": ""STORE_49"", ""store_type"": ""Wholesale"", ""store_region"": ""North"", ""delivery_type"": ""Standard"", ""payment_type"": ""Digital Wallet"", ""membership_level"": ""Gold"", ""reward_points"": 643, ""special_offer"": false}"
SOURCE_B_ORD_0098,2016-06-01T19:38:15,source_b,Socks,Clothing,5,239.35,1196.75,CUST_6118,Belgium,"{""store_id"": ""STORE_15"", ""store_type"": ""Outlet"", ""store_region"": ""East"", ""delivery_type"": ""Premium"", ""payment_type"": ""Card"", ""membership_level"": ""Silver"", ""reward_points"": 1016, ""special_offer"": true}"
SOURCE_B_ORD_0099,2020-10-26T23:15:49,source_b,Building Sets,Toys & Games,1,514.85,514.85,CUST_4947,Hungary,"{""store_id"": ""STORE_2"", ""store_type"": ""Wholesale"", ""store_region"": ""North"", ""delivery_type"": ""Premium"", ""payment_type"": ""Digital Wallet"", ""membership_level"": ""Silver"", ""reward_points"": 396, ""special_offer"": true}"
SOURCE_B_ORD_0100,2020-07-28T14:06:38,source_b,Supplements,Food & Beverages,3,955.93,2867.79,CUST_2384,Australia,"{""store_id"": ""STORE_5"", ""store_type"": ""Wholesale"", ""store_region"": ""West"", ""delivery_type"": ""Standard"", ""payment_type"": ""Card"", ""membership_level"": ""Platinum"", ""reward_points"": 1600, ""special_offer"": true}"
SOURCE_B_ORD_0101,2016-01-04T03:13:04,source_b,Educational Toys,Toys & Games,2,603.03,1206.06,CUST_2708,Israel,"{""store_id"": ""STORE_36"", ""store_type"": ""Outlet"", ""store_region"": ""East"", ""delivery_type"": ""Premium"", ""payment_type"": ""Store Credit"", ""membership_level"": ""Basic"", ""reward_points"": 1659, ""special_offer"": false}"
SOURCE_B_ORD_0102,2023-07-25T22:38:17,source_b,Therapy Equipment,Health & Wellness,3,114.69,344.07,CUST_4898,Canada,"{""store_id"": ""STORE_44"", ""store_type"": ""Retail"", ""store_region"": ""East"", ""delivery_type"": ""Premium"", ""payment_type"": ""Digital Wallet"", ""membership_level"": ""Basic"", ""reward_points"": 132, ""special_offer"": true}"
SOURCE_B_ORD_0103,2016-06-06T03:24:52,source_b,Art Supplies,Toys & Games,3,867.67,2603.01,CUST_9205,Finland,"{""store_id"": ""STORE_4"", ""store_type"": ""Outlet"", ""store_region"": ""South"", ""delivery_type"": ""Standard"", ""payment_type"": ""Card"", ""membership_level"": ""Gold"", ""reward_points"": 1364, ""special_offer"": true}"
SOURCE_B_ORD_0104,2023-12-05T01:19:52,source_b,Skincare,Beauty & Personal Care,5,170.92,854.6,CUST_4303,United States,"{""store_id"": ""STORE_21"", ""store_type"": ""Wholesale"", ""store_region"": ""West"", ""delivery_type"": ""Standard"", ""payment_type"": ""Digital Wallet"", ""membership_level"": ""Silver"", ""reward_points"": 1074, ""special_offer"": false}"
SOURCE_B_ORD_0105,2015-03-19T05:16:42,source_b,Massage Tools,Health & Wellness,1,29.42,29.42,CUST_8331,United Kingdom,"{""store_id"": ""STORE_26"", ""store_type"": ""Retail"", ""store_region"": ""West"", ""delivery_type"": ""Premium"", ""payment_type"": ""Card"", ""membership_level"": ""Basic"", ""reward_points"": 720, ""special_offer"": true}"
SOURCE_B_ORD_0106,2019-04-23T08:34:07,source_b,Vitamins,Health & Wellness,3,300.15,900.45,CUST_8877,Australia,"{""store_id"": ""STORE_30"", ""store_type"": ""Wholesale"", ""store_region"": ""West"", ""delivery_type"": ""Same Day"", ""payment_type"": ""Store Credit"", ""membership_level"": ""Silver"", ""reward_points"": 376, ""special_offer"": true}"
SOURCE_B_ORD_0107,2017-08-20T17:51:44,source_b,Sweater,Clothing,3,48.81,146.43,CUST_5181,Poland,"{""store_id"": ""STORE_30"", ""store_type"": ""Outlet"", ""store_region"": ""South"", ""delivery_type"": ""Same Day"", ""payment_type"": ""Digital Wallet"", ""membership_level"": ""Platinum"", ""reward_points"": 1797, ""special_offer"": false}"
SOURCE_B_ORD_0108,2022-04-12T13:32:38,source_b,Cleaning Supplies,Home & Garden,1,41.44,41.44,CUST_8562,New Zealand,"{""store_id"": ""STORE_10"", ""store_type"": ""Wholesale"", ""store_region"": ""North"", ""delivery_type"": ""Same Day"", ""payment_type"": ""Card"", ""membership_level"": ""Gold"", ""reward_points"": 1533, ""special_offer"": false}"
SOURCE_B_ORD_0109,2021-08-30T06:48:25,source_b,Maintenance,Automotive,4,858.56,3434.24,CUST_2957,Germany,"{""store_id"": ""STORE_30"", ""store_type"": ""Wholesale"", ""store_region"": ""East"", ""delivery_type"": ""Standard"", ""payment_type"": ""Store Credit"", ""membership_level"": ""Basic"", ""reward_points"": 517, ""special_offer"": true}"
SOURCE_B_ORD_0110,2016-03-05T07:56:59,source_b,Musical Toys,Toys & Games,3,75.64,226.92,CUST_1594,Singapore,"{""store_id"": ""STORE_26"", ""store_type"": ""Outlet"", ""store_region"": ""South"", ""delivery_type"": ""Same Day"", ""payment_type"": ""Digital Wallet"", ""membership_level"": ""Silver"", ""reward_points"": 745, ""special_offer"": true}"
SOURCE_B_ORD_0111,2015-09-25T05:43:47,source_b,Skincare,Beauty & Personal Care,4,956.29,3825.16,CUST_8665,Poland,"{""store_id"": ""STORE_24"", ""store_type"": ""Retail"", ""store_region"": ""West"", ""delivery_type"": ""Standard"", ""payment_type"": ""Store Credit"", ""membership_level"": ""Platinum"", ""reward_points"": 1886, ""special_offer"": true}"
SOURCE_B_ORD_0112,2017-07-25T11:45:18,source_b,Garden Tools,Home & Garden,5,45.06,225.3,CUST_3850,Israel,"{""store_id"": ""STORE_15"", ""store_type"": ""Retail"", ""store_region"": ""North"", ""delivery_type"": ""Premium"", ""payment_type"": ""Digital Wallet"", ""membership_level"": ""Basic"", ""reward_points"": 1757, ""special_offer"": true}"
SOURCE_B_ORD_0113,2020-07-17T07:45:34,source_b,Cleaning Supplies,Home & Garden,5,175.32,876.6,CUST_6206,Belgium,"{""store_id"": ""STORE_22"", ""store_type"": ""Outlet"", ""store_region"": ""North"", ""delivery_type"": ""Same Day"", ""payment_type"": ""Card"", ""membership_level"": ""Gold"", ""reward_points"": 1627, ""special_offer"": true}"
SOURCE_B_ORD_0114,2021-03-07T15:15:09,source_b,Therapy Equipment,Health & Wellness,1,797.93,797.93,CUST_3769,Australia,"{""store_id"": ""STORE_49"", ""store_type"": ""Retail"", ""store_region"": ""East"", ""delivery_type"": ""Standard"", ""payment_type"": ""Digital Wallet"", ""membership_level"": ""Silver"", ""reward_points"": 464, ""special_offer"": false}"
SOURCE_B_ORD_0115,2021-11-29T14:12:04,source_b,Sleep Aids,Health & Wellness,5,761.97,3809.85,CUST_9855,Mexico,"{""store_id"": ""STORE_29"", ""store_type"": ""Retail"", ""store_region"": ""North"", ""delivery_type"": ""Standard"", ""payment_type"": ""Store Credit"", ""membership_level"": ""Platinum"", ""reward_points"": 1602, ""special_offer"": true}"
SOURCE_B_ORD_0116,2015-05-14T16:08:13,source_b,T-Shirt,Clothing,5,92.98,464.9,CUST_5632,Finland,"{""store_id"": ""STORE_20"", ""store_type"": ""Retail"", ""store_region"": ""West"", ""delivery_type"": ""Standard"", ""payment_type"": ""Store Credit"", ""membership_level"": ""Gold"", ""reward_points"": 1503, ""special_offer"": false}"
SOURCE_B_ORD_0117,2021-07-04T14:23:53,source_b,Children's Books,Books,1,260.13,260.13,CUST_7309,Turkey,"{""store_id"": ""STORE_4"", ""store_type"": ""Retail"", ""store_region"": ""East"", ""delivery_type"": ""Same Day"", ""payment_type"": ""Card"", ""membership_level"": ""Platinum"", ""reward_points"": 519, ""special_offer"": false}"
SOURCE_B_ORD_0118,2017-04-28T23:16:56,source_b,Smartphone,Electronics,2,639.28,1278.56,CUST_5913,Switzerland,"{""store_id"": ""STORE_7"", ""store_type"": ""Retail"", ""store_region"": ""West"", ""delivery_type"": ""Premium"", ""payment_type"": ""Card"", ""membership_level"": ""Platinum"", ""reward_points"": 845, ""special_offer"": true}"
SOURCE_B_ORD_0119,2024-08-21T01:50:07,source_b,Baking Supplies,Food & Beverages,3,278.74,836.22,CUST_6954,New Zealand,"{""store_id"": ""STORE_40"", ""store_type"": ""Outlet"", ""store_region"": ""South"", ""delivery_type"": ""Standard"", ""payment_type"": ""Digital Wallet"", ""membership_level"": ""Silver"", ""reward_points"": 1381, ""special_offer"": true}"
SOURCE_B_ORD_0120,2024-07-17T02:54:08,source_b,Perfume,Beauty & Personal Care,1,489.0,489.0,CUST_2396,Mexico,"{""store_id"": ""STORE_34"", ""store_type"": ""Wholesale"", ""store_region"": ""South"", ""delivery_type"": ""Premium"", ""payment_type"": ""Store Credit"", ""membership_level"": ""Gold"", ""reward_points"": 358, ""special_offer"": false}"
SOURCE_B_ORD_0121,2017-08-01T23:48:43,source_b,Sports Equipment,Sports & Outdoors,2,311.43,622.86,CUST_4471,Poland,"{""store_id"": ""STORE_42"", ""store_type"": ""Retail"", ""store_region"": ""West"", ""delivery_type"": ""Standard"", ""payment_type"": ""Card"", ""membership_level"": ""Gold"", ""reward_points"": 125, ""special_offer"": false}"
SOURCE_B_ORD_0122,2021-09-20T21:23:08,source_b,Art Books,Books,3,266.93,800.79,CUST_1444,Germany,"{""store_id"": ""STORE_9"", ""store_type"": ""Retail"", ""store_region"": ""West"", ""delivery_type"": ""Premium"", ""payment_type"": ""Card"", ""membership_level"": ""Basic"", ""reward_points"": 155, ""special_offer"": false}"
SOURCE_B_ORD_0123,2018-10-12T16:45:19,source_b,Bedding,Home & Garden,5,703.23,3516.15,CUST_3433,South Africa,"{""store_id"": ""STORE_28"", ""store_type"": ""Outlet"", ""store_region"": ""East"", ""delivery_type"": ""Standard"", ""payment_type"": ""Card"", ""membership_level"": ""Gold"", ""reward_points"": 646, ""special_offer"": false}"
SOURCE_B_ORD_0124,2021-05-21T17:12:54,source_b,Smart Watch,Electronics,1,801.89,801.89,CUST_5542,UAE,"{""store_id"": ""STORE_40"", ""store_type"": ""Outlet"", ""store_region"": ""South"", ""delivery_type"": ""Standard"", ""payment_type"": ""Digital Wallet"", ""membership_level"": ""Basic"", ""reward_points"": 1920, ""special_offer"": true}"
SOURCE_B_ORD_0125,2015-03-02T17:15:47,source_b,Underwear,Clothing,2,534.88,1069.76,CUST_1607,Israel,"{""store_id"": ""STORE_47"", ""store_type"": ""Retail"", ""store_region"": ""South"", ""delivery_type"": ""Same Day"", ""payment_type"": ""Digital Wallet"", ""membership_level"": ""Gold"", ""reward_points"": 1384, ""special_offer"": true}"
SOURCE_B_ORD_0126,2019-06-24T09:19:34,source_b,Cleaning Supplies,Automotive,1,442.49,442.49,CUST_8285,Austria,"{""store_id"": ""STORE_28"", ""store_type"": ""Outlet"", ""store_region"": ""South"", ""delivery_type"": ""Standard"", ""payment_type"": ""Digital Wallet"", ""membership_level"": ""Gold"", ""reward_points"": 270, ""special_offer"": true}"
SOURCE_B_ORD_0127,2017-04-02T03:38:48,source_b,Action Figures,Toys & Games,3,628.29,1884.87,CUST_9045,Brazil,"{""store_id"": ""STORE_30"", ""store_type"": ""Retail"", ""store_region"": ""West"", ""delivery_type"": ""Premium"", ""payment_type"": ""Digital Wallet"", ""membership_level"": ""Gold"", ""reward_points"": 1905, ""special_offer"": true}"
SOURCE_B_ORD_0128,2017-05-26T05:59:15,source_b,Team Sports Equipment,Sports & Outdoors,4,478.06,1912.24,CUST_7206,Norway,"{""store_id"": ""STORE_42"", ""store_type"": ""Outlet"", ""store_region"": ""West"", ""delivery_type"": ""Standard"", ""payment_type"": ""Card"", ""membership_level"": ""Platinum"", ""reward_points"": 1923, ""special_offer"": true}"
SOURCE_B_ORD_0129,2021-04-12T23:08:20,source_b,Camera,Electronics,5,736.03,3680.15,CUST_4525,Spain,"{""store_id"": ""STORE_26"", ""store_type"": ""Retail"", ""store_region"": ""North"", ""delivery_type"": ""Premium"", ""payment_type"": ""Store Credit"", ""membership_level"": ""Basic"", ""reward_points"": 6, ""special_offer"": false}"
SOURCE_B_ORD_0130,2016-06-02T05:13:06,source_b,Smart Watch,Electronics,4,701.41,2805.64,CUST_3872,Brazil,"{""store_id"": ""STORE_42"", ""store_type"": ""Wholesale"", ""store_region"": ""North"", ""delivery_type"": ""Standard"", ""payment_type"": ""Card"", ""membership_level"": ""Basic"", ""reward_points"": 456, ""special_offer"": true}"
SOURCE_B_ORD_0131,2020-01-14T13:09:31,source_b,Skincare,Beauty & Personal Care,4,291.95,1167.8,CUST_3833,Japan,"{""store_id"": ""STORE_6"", ""store_type"": ""Wholesale"", ""store_region"": ""North"", ""delivery_type"": ""Standard"", ""payment_type"": ""Card"", ""membership_level"": ""Gold"", ""reward_points"": 1717, ""special_offer"": false}"
SOURCE_B_ORD_0132,2025-03-08T11:19:44,source_b,Bicycle,Sports & Outdoors,3,936.96,2810.88,CUST_9468,Denmark,"{""store_id"": ""STORE_41"", ""store_type"": ""Wholesale"", ""store_region"": ""West"", ""delivery_type"": ""Premium"", ""payment_type"": ""Store Credit"", ""membership_level"": ""Gold"", ""reward_points"": 1385, ""special_offer"": false}"
SOURCE_B_ORD_0133,2017-03-03T23:49:54,source_b,Travel Guides,Books,4,808.11,3232.44,CUST_1019,Norway,"{""store_id"": ""STORE_49"", ""store_type"": ""Retail"", ""store_region"": ""East"", ""delivery_type"": ""Same Day"", ""payment_type"": ""Digital Wallet"", ""membership_level"": ""Basic"", ""reward_points"": 361, ""special_offer"": false}"
SOURCE_B_ORD_0134,2022-12-31T08:33:00,source_b,Furniture,Home & Garden,3,465.83,1397.49,CUST_3634,India,"{""store_id"": ""STORE_24"", ""store_type"": ""Wholesale"", ""store_region"": ""North"", ""delivery_type"": ""Same Day"", ""payment_type"": ""Store Credit"", ""membership_level"": ""Silver"", ""reward_points"": 458, ""special_offer"": true}"
SOURCE_B_ORD_0135,2024-07-29T11:28:46,source_b,Speaker,Electronics,2,615.5,1231.0,CUST_7633,Norway,"{""store_id"": ""STORE_45"", ""store_type"": ""Wholesale"", ""store_region"": ""South"", ""delivery_type"": ""Standard"", ""payment_type"": ""Store Credit"", ""membership_level"": ""Platinum"", ""reward_points"": 150, ""special_offer"": true}"
SOURCE_B_ORD_0136,2017-11-02T16:04:39,source_b,Art Books,Books,5,457.55,2287.75,CUST_6025,Canada,"{""store_id"": ""STORE_28"", ""store_type"": ""Outlet"", ""store_region"": ""West"", ""delivery_type"": ""Premium"", ""payment_type"": ""Store Credit"", ""membership_level"": ""Silver"", ""reward_points"": 1272, ""special_offer"": true}"
SOURCE_B_ORD_0137,2018-09-29T10:44:30,source_b,Headphones,Electronics,1,806.67,806.67,CUST_8917,Germany,"{""store_id"": ""STORE_46"", ""store_type"": ""Retail"", ""store_region"": ""West"", ""delivery_type"": ""Premium"", ""payment_type"": ""Card"", ""membership_level"": ""Basic"", ""reward_points"": 645, ""special_offer"": true}"
SOURCE_B_ORD_0138,2018-04-26T23:44:19,source_b,Remote Control Cars,Toys & Games,1,669.11,669.11,CUST_8232,South Africa,"{""store_id"": ""STORE_10"", ""store_type"": ""Outlet"", ""store_region"": ""West"", ""delivery_type"": ""Same Day"", ""payment_type"": ""Store Credit"", ""membership_level"": ""Gold"", ""reward_points"": 174, ""special_offer"": true}"
SOURCE_B_ORD_0139,2025-02-13T16:01:23,source_b,Storage,Home & Garden,1,955.58,955.58,CUST_3408,China,"{""store_id"": ""STORE_41"", ""store_type"": ""Retail"", ""store_region"": ""North"", ""delivery_type"": ""Standard"", ""payment_type"": ""Digital Wallet"", ""membership_level"": ""Silver"", ""reward_points"": 737, ""special_offer"": false}"
SOURCE_B_ORD_0140,2021-08-28T23:37:46,source_b,Decor,Home & Garden,5,233.99,1169.95,CUST_5830,Mexico,"{""store_id"": ""STORE_40"", ""store_type"": ""Retail"", ""store_region"": ""South"", ""delivery_type"": ""Same Day"", ""payment_type"": ""Card"", ""membership_level"": ""Platinum"", ""reward_points"": 486, ""special_offer"": true}"
SOURCE_B_ORD_0141,2024-08-30T05:50:50,source_b,Smart Watch,Electronics,3,86.24,258.72,CUST_1479,Turkey,"{""store_id"": ""STORE_21"", ""store_type"": ""Retail"", ""store_region"": ""South"", ""delivery_type"": ""Standard"", ""payment_type"": ""Digital Wallet"", ""membership_level"": ""Platinum"", ""reward_points"": 477, ""special_offer"": true}"
SOURCE_B_ORD_0142,2019-02-16T05:43:40,source_b,Team Sports Equipment,Sports & Outdoors,3,118.59,355.77,CUST_7024,Hungary,"{""store_id"": ""STORE_5"", ""store_type"": ""Wholesale"", ""store_region"": ""North"", ""delivery_type"": ""Premium"", ""payment_type"": ""Digital Wallet"", ""membership_level"": ""Basic"", ""reward_points"": 409, ""special_offer"": true}"
SOURCE_B_ORD_0143,2015-02-09T01:29:05,source_b,Educational Toys,Toys & Games,1,844.31,844.31,CUST_3979,France,"{""store_id"": ""STORE_5"", ""store_type"": ""Retail"", ""store_region"": ""North"", ""delivery_type"": ""Premium"", ""payment_type"": ""Card"", ""membership_level"": ""Basic"", ""reward_points"": 451, ""special_offer"": true}"
SOURCE_B_ORD_0144,2017-04-05T13:48:20,source_b,Wellness Supplements,Health & Wellness,2,83.04,166.08,CUST_3207,United States,"{""store_id"": ""STORE_22"", ""store_type"": ""Retail"", ""store_region"": ""North"", ""delivery_type"": ""Standard"", ""payment_type"": ""Store Credit"", ""membership_level"": ""Gold"", ""reward_points"": 1019, ""special_offer"": true}"
SOURCE_B_ORD_0145,2018-04-13T14:14:47,source_b,Art Supplies,Toys & Games,3,413.54,1240.62,CUST_9000,United Kingdom,"{""store_id"": ""STORE_16"", ""store_type"": ""Wholesale"", ""store_region"": ""North"", ""delivery_type"": ""Premium"", ""payment_type"": ""Card"", ""membership_level"": ""Basic"", ""reward_points"": 65, ""special_offer"": false}"
SOURCE_B_ORD_0146,2024-07-26T22:03:58,source_b,Safety Equipment,Automotive,2,333.24,666.48,CUST_5212,Saudi Arabia,"{""store_id"": ""STORE_50"", ""store_type"": ""Retail"", ""store_region"": ""West"", ""delivery_type"": ""Standard"", ""payment_type"": ""Digital Wallet"", ""membership_level"": ""Platinum"", ""reward_points"": 92, ""special_offer"": true}"
SOURCE_B_ORD_0147,2020-07-01T12:33:31,source_b,Jacket,Clothing,3,264.04,792.12,CUST_2650,Austria,"{""store_id"": ""STORE_16"", ""store_type"": ""Retail"", ""store_region"": ""West"", ""delivery_type"": ""Same Day"", ""payment_type"": ""Digital Wallet"", ""membership_level"": ""Basic"", ""reward_points"": 372, ""special_offer"": false}"
SOURCE_B_ORD_0148,2021-11-25T04:55:23,source_b,Underwear,Clothing,1,830.61,830.61,CUST_3155,Australia,"{""store_id"": ""STORE_4"", ""store_type"": ""Retail"", ""store_region"": ""East"", ""delivery_type"": ""Premium"", ""payment_type"": ""Digital Wallet"", ""membership_level"": ""Basic"", ""reward_points"": 384, ""special_offer"": false}"
SOURCE_B_ORD_0149,2015-02-14T08:02:06,source_b,Perfume,Beauty & Personal Care,1,779.56,779.56,CUST_6206,Poland,"{""store_id"": ""STORE_41"", ""store_type"": ""Wholesale"", ""store_region"": ""North"", ""delivery_type"": ""Premium"", ""payment_type"": ""Card"", ""membership_level"": ""Silver"", ""reward_points"": 1007, ""special_offer"": false}"
SOURCE_B_ORD_0150,2019-05-06T18:58:11,source_b,Jeans,Clothing,4,201.17,804.68,CUST_2151,Sweden,"{""store_id"": ""STORE_45"", ""store_type"": ""Outlet"", ""store_region"": ""West"", ""delivery_type"": ""Same Day"", ""payment_type"": ""Store Credit"", ""membership_level"": ""Basic"", ""reward_points"": 857, ""special_offer"": false}"
SOURCE_B_ORD_0151,2017-11-03T17:22:09,source_b,Beverages,Food & Beverages,4,94.12,376.48,CUST_9731,Poland,"{""store_id"": ""STORE_26"", ""store_type"": ""Retail"", ""store_region"": ""North"", ""delivery_type"": ""Premium"", ""payment_type"": ""Store Credit"", ""membership_level"": ""Silver"", ""reward_points"": 1304, ""special_offer"": true}"
SOURCE_B_ORD_0152,2018-11-06T16:28:10,source_b,Laptop,Electronics,3,210.67,632.01,CUST_9743,South Africa,"{""store_id"": ""STORE_36"", ""store_type"": ""Wholesale"", ""store_region"": ""North"", ""delivery_type"": ""Same Day"", ""payment_type"": ""Digital Wallet"", ""membership_level"": ""Basic"", ""reward_points"": 1312, ""special_offer"": true}"
SOURCE_B_ORD_0153,2021-06-11T20:27:25,source_b,Yoga Mat,Sports & Outdoors,5,815.84,4079.2,CUST_3550,Austria,"{""store_id"": ""STORE_7"", ""store_type"": ""Retail"", ""store_region"": ""West"", ""delivery_type"": ""Standard"", ""payment_type"": ""Digital Wallet"", ""membership_level"": ""Silver"", ""reward_points"": 1488, ""special_offer"": false}"
SOURCE_B_ORD_0154,2018-01-14T03:42:49,source_b,Smart Watch,Electronics,3,714.17,2142.51,CUST_7910,Italy,"{""store_id"": ""STORE_25"", ""store_type"": ""Outlet"", ""store_region"": ""West"", ""delivery_type"": ""Standard"", ""payment_type"": ""Card"", ""membership_level"": ""Platinum"", ""reward_points"": 73, ""special_offer"": true}"
SOURCE_B_ORD_0155,2024-12-14T11:26:54,source_b,Jeans,Clothing,5,318.59,1592.95,CUST_5030,Czech Republic,"{""store_id"": ""STORE_9"", ""store_type"": ""Wholesale"", ""store_region"": ""North"", ""delivery_type"": ""Premium"", ""payment_type"": ""Store Credit"", ""membership_level"": ""Platinum"", ""reward_points"": 627, ""special_offer"": true}"
SOURCE_B_ORD_0156,2020-05-25T06:26:14,source_b,Hair Care,Beauty & Personal Care,1,278.32,278.32,CUST_2861,Norway,"{""store_id"": ""STORE_48"", ""store_type"": ""Outlet"", ""store_region"": ""South"", ""delivery_type"": ""Premium"", ""payment_type"": ""Store Credit"", ""membership_level"": ""Platinum"", ""reward_points"": 584, ""special_offer"": false}"
SOURCE_B_ORD_0157,2020-05-14T13:53:08,source_b,Men's Grooming,Beauty & Personal Care,5,126.55,632.75,CUST_2109,China,"{""store_id"": ""STORE_45"", ""store_type"": ""Wholesale"", ""store_region"": ""North"", ""delivery_type"": ""Premium"", ""payment_type"": ""Card"", ""membership_level"": ""Silver"", ""reward_points"": 1793, ""special_offer"": true}"
SOURCE_B_ORD_0158,2024-12-05T16:05:24,source_b,Nail Care,Beauty & Personal Care,1,319.84,319.84,CUST_1789,Greece,"{""store_id"": ""STORE_7"", ""store_type"": ""Outlet"", ""store_region"": ""North"", ""delivery_type"": ""Premium"", ""payment_type"": ""Store Credit"", ""membership_level"": ""Platinum"", ""reward_points"": 1578, ""special_offer"": true}"
SOURCE_B_ORD_0159,2024-05-24T06:02:11,source_b,Tea,Food & Beverages,3,275.51,826.53,CUST_1563,Australia,"{""store_id"": ""STORE_12"", ""store_type"": ""Wholesale"", ""store_region"": ""East"", ""delivery_type"": ""Premium"", ""payment_type"": ""Store Credit"", ""membership_level"": ""Basic"", ""reward_points"": 1740, ""special_offer"": true}"
SOURCE_B_ORD_0160,2025-01-31T12:49:35,source_b,Kitchen Appliances,Home & Garden,2,16.07,32.14,CUST_8522,Turkey,"{""store_id"": ""STORE_7"", ""store_type"": ""Wholesale"", ""store_region"": ""South"", ""delivery_type"": ""Same Day"", ""payment_type"": ""Digital Wallet"", ""membership_level"": ""Platinum"", ""reward_points"": 524, ""special_offer"": false}"
SOURCE_B_ORD_0161,2025-02-07T16:23:40,source_b,Coffee Maker,Home & Garden,5,140.01,700.05,CUST_3603,South Africa,"{""store_id"": ""STORE_36"", ""store_type"": ""Outlet"", ""store_region"": ""North"", ""delivery_type"": ""Premium"", ""payment_type"": ""Store Credit"", ""membership_level"": ""Gold"", ""reward_points"": 639, ""special_offer"": true}"
SOURCE_B_ORD_0162,2021-11-04T05:22:43,source_b,Laptop,Electronics,3,70.69,212.07,CUST_4936,Japan,"{""store_id"": ""STORE_24"", ""store_type"": ""Wholesale"", ""store_region"": ""North"", ""delivery_type"": ""Premium"", ""payment_type"": ""Digital Wallet"", ""membership_level"": ""Platinum"", ""reward_points"": 648, ""special_offer"": false}"
SOURCE_B_ORD_0163,2021-11-15T06:09:04,source_b,Fitness Tracker,Health & Wellness,1,634.69,634.69,CUST_5440,Netherlands,"{""store_id"": ""STORE_41"", ""store_type"": ""Outlet"", ""store_region"": ""South"", ""delivery_type"": ""Same Day"", ""payment_type"": ""Digital Wallet"", ""membership_level"": ""Basic"", ""reward_points"": 1313, ""special_offer"": true}"
SOURCE_B_ORD_0164,2022-02-03T18:26:05,source_b,Tools,Automotive,2,869.52,1739.04,CUST_9788,Denmark,"{""store_id"": ""STORE_17"", ""store_type"": ""Retail"", ""store_region"": ""North"", ""delivery_type"": ""Premium"", ""payment_type"": ""Digital Wallet"", ""membership_level"": ""Platinum"", ""reward_points"": 667, ""special_offer"": true}"
SOURCE_B_ORD_0165,2020-01-04T09:43:22,source_b,Beverages,Food & Beverages,1,72.11,72.11,CUST_9326,Israel,"{""store_id"": ""STORE_50"", ""store_type"": ""Outlet"", ""store_region"": ""West"", ""delivery_type"": ""Premium"", ""payment_type"": ""Store Credit"", ""membership_level"": ""Platinum"", ""reward_points"": 1758, ""special_offer"": false}"
SOURCE_B_ORD_0166,2019-02-03T20:10:16,source_b,Vitamins,Health & Wellness,4,464.52,1858.08,CUST_1740,Canada,"{""store_id"": ""STORE_4"", ""store_type"": ""Wholesale"", ""store_region"": ""West"", ""delivery_type"": ""Premium"", ""payment_type"": ""Store Credit"", ""membership_level"": ""Platinum"", ""reward_points"": 628, ""special_offer"": true}"
SOURCE_B_ORD_0167,2024-12-28T04:11:27,source_b,Sleep Aids,Health & Wellness,5,642.14,3210.7,CUST_6030,China,"{""store_id"": ""STORE_30"", ""store_type"": ""Wholesale"", ""store_region"": ""South"", ""delivery_type"": ""Same Day"", ""payment_type"": ""Digital Wallet"", ""membership_level"": ""Platinum"", ""reward_points"": 913, ""special_offer"": false}"
SOURCE_B_ORD_0168,2020-07-13T11:21:05,source_b,Skincare,Beauty & Personal Care,4,594.0,2376.0,CUST_3637,Finland,"{""store_id"": ""STORE_9"", ""store_type"": ""Retail"", ""store_region"": ""West"", ""delivery_type"": ""Same Day"", ""payment_type"": ""Store Credit"", ""membership_level"": ""Gold"", ""reward_points"": 686, ""special_offer"": false}"
SOURCE_B_ORD_0169,2021-10-09T08:46:04,source_b,Fitness Tracker,Sports & Outdoors,5,474.04,2370.2,CUST_2489,China,"{""store_id"": ""STORE_7"", ""store_type"": ""Retail"", ""store_region"": ""East"", ""delivery_type"": ""Premium"", ""payment_type"": ""Digital Wallet"", ""membership_level"": ""Platinum"", ""reward_points"": 1084, ""special_offer"": false}"
SOURCE_B_ORD_0170,2021-04-14T15:06:23,source_b,Tablet,Electronics,1,496.88,496.88,CUST_8599,Israel,"{""store_id"": ""STORE_7"", ""store_type"": ""Wholesale"", ""store_region"": ""South"", ""delivery_type"": ""Standard"", ""payment_type"": ""Store Credit"", ""membership_level"": ""Basic"", ""reward_points"": 1374, ""special_offer"": true}"
SOURCE_B_ORD_0171,2018-11-12T22:36:10,source_b,Travel Guides,Books,5,171.64,858.2,CUST_2070,Austria,"{""store_id"": ""STORE_11"", ""store_type"": ""Retail"", ""store_region"": ""West"", ""delivery_type"": ""Standard"", ""payment_type"": ""Store Credit"", ""membership_level"": ""Platinum"", ""reward_points"": 187, ""special_offer"": true}"
SOURCE_B_ORD_0172,2020-08-02T04:58:36,source_b,Headphones,Electronics,3,555.26,1665.78,CUST_3238,Netherlands,"{""store_id"": ""STORE_30"", ""store_type"": ""Outlet"", ""store_region"": ""West"", ""delivery_type"": ""Premium"", ""payment_type"": ""Card"", ""membership_level"": ""Silver"", ""reward_points"": 901, ""special_offer"": false}"
SOURCE_B_ORD_0173,2017-11-08T19:11:57,source_b,Garden Tools,Home & Garden,2,449.93,899.86,CUST_7756,South Africa,"{""store_id"": ""STORE_32"", ""store_type"": ""Wholesale"", ""store_region"": ""West"", ""delivery_type"": ""Premium"", ""payment_type"": ""Card"", ""membership_level"": ""Basic"", ""reward_points"": 1462, ""special_offer"": false}"
SOURCE_B_ORD_0174,2019-03-23T21:14:22,source_b,Gourmet Items,Food & Beverages,3,875.57,2626.71,CUST_2835,South Africa,"{""store_id"": ""STORE_21"", ""store_type"": ""Wholesale"", ""store_region"": ""East"", ""delivery_type"": ""Same Day"", ""payment_type"": ""Digital Wallet"", ""membership_level"": ""Platinum"", ""reward_points"": 436, ""special_offer"": false}"
SOURCE_B_ORD_0175,2018-09-10T23:50:56,source_b,Fiction,Books,1,203.08,203.08,CUST_3225,Singapore,"{""store_id"": ""STORE_16"", ""store_type"": ""Wholesale"", ""store_region"": ""East"", ""delivery_type"": ""Premium"", ""payment_type"": ""Card"", ""membership_level"": ""Silver"", ""reward_points"": 111, ""special_offer"": true}"
SOURCE_B_ORD_0176,2020-02-25T11:00:02,source_b,Coffee,Food & Beverages,4,200.77,803.08,CUST_2779,Brazil,"{""store_id"": ""STORE_34"", ""store_type"": ""Wholesale"", ""store_region"": ""North"", ""delivery_type"": ""Same Day"", ""payment_type"": ""Store Credit"", ""membership_level"": ""Platinum"", ""reward_points"": 440, ""special_offer"": false}"
SOURCE_B_ORD_0177,2020-06-13T22:13:58,source_b,Beverages,Food & Beverages,1,916.99,916.99,CUST_9228,Czech Republic,"{""store_id"": ""STORE_18"", ""store_type"": ""Wholesale"", ""store_region"": ""East"", ""delivery_type"": ""Same Day"", ""payment_type"": ""Card"", ""membership_level"": ""Basic"", ""reward_points"": 1822, ""special_offer"": true}"
SOURCE_B_ORD_0178,2017-02-05T11:57:11,source_b,Tools,Automotive,4,546.36,2185.44,CUST_1266,Finland,"{""store_id"": ""STORE_25"", ""store_type"": ""Outlet"", ""store_region"": ""East"", ""delivery_type"": ""Same Day"", ""payment_type"": ""Card"", ""membership_level"": ""Gold"", ""reward_points"": 1208, ""special_offer"": false}"
SOURCE_B_ORD_0179,2023-10-09T14:17:51,source_b,Fitness Tracker,Health & Wellness,4,123.9,495.6,CUST_3541,Hungary,"{""store_id"": ""STORE_7"", ""store_type"": ""Wholesale"", ""store_region"": ""South"", ""delivery_type"": ""Premium"", ""payment_type"": ""Digital Wallet"", ""membership_level"": ""Basic"", ""reward_points"": 409, ""special_offer"": true}"
SOURCE_B_ORD_0180,2018-03-09T00:24:25,source_b,Skincare,Beauty & Personal Care,4,187.16,748.64,CUST_4142,Switzerland,"{""store_id"": ""STORE_33"", ""store_type"": ""Retail"", ""store_region"": ""West"", ""delivery_type"": ""Premium"", ""payment_type"": ""Store Credit"", ""membership_level"": ""Gold"", ""reward_points"": 1726, ""special_offer"": true}"
SOURCE_B_ORD_0181,2019-04-14T00:29:50,source_b,Musical Toys,Toys & Games,5,535.3,2676.5,CUST_2100,Norway,"{""store_id"": ""STORE_16"", ""store_type"": ""Outlet"", ""store_region"": ""North"", ""delivery_type"": ""Premium"", ""payment_type"": ""Digital Wallet"", ""membership_level"": ""Basic"", ""reward_points"": 729, ""special_offer"": false}"
SOURCE_B_ORD_0182,2024-12-20T19:05:08,source_b,Remote Control Cars,Toys & Games,3,777.71,2333.13,CUST_9169,Denmark,"{""store_id"": ""STORE_30"", ""store_type"": ""Retail"", ""store_region"": ""South"", ""delivery_type"": ""Standard"", ""payment_type"": ""Card"", ""membership_level"": ""Basic"", ""reward_points"": 156, ""special_offer"": false}"
SOURCE_B_ORD_0183,2019-03-01T03:37:20,source_b,Men's Grooming,Beauty & Personal Care,1,959.41,959.41,CUST_6818,Ireland,"{""store_id"": ""STORE_42"", ""store_type"": ""Outlet"", ""store_region"": ""South"", ""delivery_type"": ""Same Day"", ""payment_type"": ""Digital Wallet"", ""membership_level"": ""Silver"", ""reward_points"": 1035, ""special_offer"": true}"
SOURCE_B_ORD_0184,2017-04-30T00:44:21,source_b,Men's Grooming,Beauty & Personal Care,5,861.74,4308.7,CUST_1242,Czech Republic,"{""store_id"": ""STORE_8"", ""store_type"": ""Outlet"", ""store_region"": ""North"", ""delivery_type"": ""Standard"", ""payment_type"": ""Digital Wallet"", ""membership_level"": ""Basic"", ""reward_points"": 1959, ""special_offer"": true}"
SOURCE_B_ORD_0185,2021-10-29T23:56:13,source_b,Laptop,Electronics,5,460.72,2303.6,CUST_6965,Turkey,"{""store_id"": ""STORE_42"", ""store_type"": ""Wholesale"", ""store_region"": ""East"", ""delivery_type"": ""Standard"", ""payment_type"": ""Store Credit"", ""membership_level"": ""Platinum"", ""reward_points"": 166, ""special_offer"": false}"
SOURCE_B_ORD_0186,2022-11-19T18:51:31,source_b,Decor,Home & Garden,1,285.45,285.45,CUST_5536,Sweden,"{""store_id"": ""STORE_7"", ""store_type"": ""Wholesale"", ""store_region"": ""East"", ""delivery_type"": ""Premium"", ""payment_type"": ""Store Credit"", ""membership_level"": ""Platinum"", ""reward_points"": 1479, ""special_offer"": false}"
SOURCE_B_ORD_0187,2024-09-23T18:42:38,source_b,Gift Sets,Beauty & Personal Care,2,798.23,1596.46,CUST_4298,Spain,"{""store_id"": ""STORE_50"", ""store_type"": ""Outlet"", ""store_region"": ""North"", ""delivery_type"": ""Same Day"", ""payment_type"": ""Card"", ""membership_level"": ""Platinum"", ""reward_points"": 1779, ""special_offer"": false}"
SOURCE_B_ORD_0188,2019-07-26T18:00:18,source_b,Gourmet Items,Food & Beverages,1,204.04,204.04,CUST_9233,Denmark,"{""store_id"": ""STORE_44"", ""store_type"": ""Wholesale"", ""store_region"": ""North"", ""delivery_type"": ""Premium"", ""payment_type"": ""Store Credit"", ""membership_level"": ""Basic"", ""reward_points"": 848, ""special_offer"": false}"
SOURCE_B_ORD_0189,2017-08-13T14:57:21,source_b,Bicycle,Sports & Outdoors,1,197.48,197.48,CUST_3605,Saudi Arabia,"{""store_id"": ""STORE_34"", ""store_type"": ""Retail"", ""store_region"": ""East"", ""delivery_type"": ""Standard"", ""payment_type"": ""Digital Wallet"", ""membership_level"": ""Gold"", ""reward_points"": 1184, ""special_offer"": true}"
SOURCE_B_ORD_0190,2025-02-15T10:20:57,source_b,Magazines,Books,4,766.23,3064.92,CUST_6055,Japan,"{""store_id"": ""STORE_38"", ""store_type"": ""Retail"", ""store_region"": ""North"", ""delivery_type"": ""Premium"", ""payment_type"": ""Card"", ""membership_level"": ""Basic"", ""reward_points"": 472, ""special_offer"": true}"
SOURCE_B_ORD_0191,2022-02-22T01:05:52,source_b,Cookbooks,Books,4,502.7,2010.8,CUST_7675,Poland,"{""store_id"": ""STORE_21"", ""store_type"": ""Retail"", ""store_region"": ""North"", ""delivery_type"": ""Premium"", ""payment_type"": ""Store Credit"", ""membership_level"": ""Platinum"", ""reward_points"": 935, ""special_offer"": false}"
SOURCE_B_ORD_0192,2022-03-03T16:59:30,source_b,Hiking Gear,Sports & Outdoors,4,409.78,1639.12,CUST_6107,United States,"{""store_id"": ""STORE_11"", ""store_type"": ""Outlet"", ""store_region"": ""East"", ""delivery_type"": ""Premium"", ""payment_type"": ""Digital Wallet"", ""membership_level"": ""Silver"", ""reward_points"": 368, ""special_offer"": false}"
SOURCE_B_ORD_0193,2018-02-09T15:49:51,source_b,Self-Help,Books,1,726.69,726.69,CUST_5213,United States,"{""store_id"": ""STORE_43"", ""store_type"": ""Outlet"", ""store_region"": ""West"", ""delivery_type"": ""Same Day"", ""payment_type"": ""Store Credit"", ""membership_level"": ""Platinum"", ""reward_points"": 1484, ""special_offer"": false}"
SOURCE_B_ORD_0194,2023-06-29T14:47:06,source_b,Dress,Clothing,1,885.9,885.9,CUST_1667,Spain,"{""store_id"": ""STORE_23"", ""store_type"": ""Outlet"", ""store_region"": ""South"", ""delivery_type"": ""Premium"", ""payment_type"": ""Store Credit"", ""membership_level"": ""Silver"", ""reward_points"": 97, ""special_offer"": false}"
SOURCE_B_ORD_0195,2024-10-03T08:16:11,source_b,Lighting,Home & Garden,1,590.19,590.19,CUST_1472,Czech Republic,"{""store_id"": ""STORE_31"", ""store_type"": ""Retail"", ""store_region"": ""North"", ""delivery_type"": ""Same Day"", ""payment_type"": ""Store Credit"", ""membership_level"": ""Gold"", ""reward_points"": 55, ""special_offer"": true}"
SOURCE_B_ORD_0196,2022-10-08T01:00:57,source_b,Headphones,Electronics,4,843.04,3372.16,CUST_4176,Singapore,"{""store_id"": ""STORE_49"", ""store_type"": ""Retail"", ""store_region"": ""North"", ""delivery_type"": ""Same Day"", ""payment_type"": ""Digital Wallet"", ""membership_level"": ""Platinum"", ""reward_points"": 1368, ""special_offer"": false}"
SOURCE_B_ORD_0197,2015-03-22T17:05:50,source_b,Cooking Ingredients,Food & Beverages,2,175.38,350.76,CUST_9117,Austria,"{""store_id"": ""STORE_13"", ""store_type"": ""Retail"", ""store_region"": ""North"", ""delivery_type"": ""Premium"", ""payment_type"": ""Store Credit"", ""membership_level"": ""Gold"", ""reward_points"": 1630, ""special_offer"": false}"
SOURCE_B_ORD_0198,2017-10-19T22:18:10,source_b,Stress Relief,Health & Wellness,3,788.06,2364.18,CUST_3204,Italy,"{""store_id"": ""STORE_18"", ""store_type"": ""Outlet"", ""store_region"": ""East"", ""delivery_type"": ""Premium"", ""payment_type"": ""Store Credit"", ""membership_level"": ""Gold"", ""reward_points"": 198, ""special_offer"": false}"
SOURCE_B_ORD_0199,2016-09-10T03:45:28,source_b,Non-Fiction,Books,1,148.0,148.0,CUST_8687,South Africa,"{""store_id"": ""STORE_27"", ""store_type"": ""Wholesale"", ""store_region"": ""West"", ""delivery_type"": ""Same Day"", ""payment_type"": ""Store Credit"", ""membership_level"": ""Gold"", ""reward_points"": 1548, ""special_offer"": true}"
SOURCE_B_ORD_0200,2024-09-28T09:16:23,source_b,Socks,Clothing,1,28.05,28.05,CUST_3904,China,"{""store_id"": ""STORE_43"", ""store_type"": ""Outlet"", ""store_region"": ""South"", ""delivery_type"": ""Same Day"", ""payment_type"": ""Card"", ""membership_level"": ""Platinum"", ""reward_points"": 1850, ""special_offer"": true}"
